{"cameraMode":{"drawMode":0,"name":"Shaded","section":"Shading Mode"},"sceneLighting":true,"audioPlay":false,"sceneViewState":{"showFog":true,"showMaterialUpdate":false,"showSkybox":true,"showFlares":true,"showImageEffects":true,"showParticleSystems":true},"in2DMode":false,"pivot":{"x":-132.46958923339845,"y":-62.90540313720703,"z":14.081268310546875},"rotation":{"x":0.2247365117073059,"y":-0.03361489251255989,"z":0.00775737501680851,"w":0.9738087058067322},"size":352.1672668457031,"orthographic":false}